Event,Year,Place,Type,Period,Decade
Estonian Declaration of Independence,1918,Pärnu / Tallinn,Political,Interwar Estonia,1910
War of Independence begins,1918,Narva,War,Interwar Estonia,1910
Constituent Assembly elections,1919,Estonia,Election,Interwar Estonia,1910
Land Act adopted,1919,Tallinn,Reform,Interwar Estonia,1910
Treaty of Tartu,1920,Tartu,Treaty,Interwar Estonia,1920
First Constitution adopted,1920,Tallinn,Political,Interwar Estonia,1920
Estonia joins League of Nations,1921,Geneva,International,Interwar Estonia,1920
December coup attempt,1924,Tallinn,Coup,Interwar Estonia,1920
Konstantin Päts coup,1934,Tallinn,Coup,Interwar Estonia,1930
New Constitution enters into force,1938,Estonia,Political,Interwar Estonia,1930
Mutual Assistance Pact with USSR,1939,Moscow,Treaty,Interwar Estonia,1930
Soviet occupation begins,1940,Estonia,Occupation,WWII and occupations,1940
June deportation,1941,Estonia,Repression,WWII and occupations,1940
German occupation begins,1941,Estonia,Occupation,WWII and occupations,1940
Soviet reoccupation,1944,Estonia,Occupation,WWII and occupations,1940
March deportation,1949,Estonia,Repression,Soviet period,1940
Youth protests,1980,Tallinn,Protest,Soviet period,1980
Hirvepark meeting,1987,Tallinn,Protest,Restoration era,1980
Popular Front founded,1988,Tallinn,Political,Restoration era,1980
Singing Revolution,1988,Tallinn,Protest,Restoration era,1980
Declaration of Sovereignty,1988,Tallinn,Political,Restoration era,1980
Baltic Way,1989,Estonia / Baltics,Protest,Restoration era,1980
Transition period declared,1990,Tallinn,Political,Restoration era,1990
Independence restored,1991,Tallinn,Political,Restoration era,1990
Russian troops leave Estonia,1994,Estonia,International,Restoration era,1990